timestamp,relative_time,key,datetime
1773044632.186914,0.7983779907226562,9,2026-03-09T14:08:52.186914
1773044632.924718,1.536181926727295,9,2026-03-09T14:08:52.924718
1773044633.768988,2.3804519176483154,9,2026-03-09T14:08:53.768988
1773044634.570832,3.18229603767395,9,2026-03-09T14:08:54.570832
1773044635.392071,4.003535032272339,9,2026-03-09T14:08:55.392071
1773044636.222044,4.833508014678955,9,2026-03-09T14:08:56.222044
1773044637.07578,5.687243938446045,9,2026-03-09T14:08:57.075780
1773044637.881288,6.4927520751953125,9,2026-03-09T14:08:57.881288
1773044638.722588,7.334052085876465,9,2026-03-09T14:08:58.722588
1773044639.503552,8.115015983581543,9,2026-03-09T14:08:59.503552
1773044640.291764,8.903228044509888,9,2026-03-09T14:09:00.291764
1773044641.148837,9.760301113128662,9,2026-03-09T14:09:01.148837
1773044641.935673,10.547137022018433,9,2026-03-09T14:09:01.935673
1773044642.68766,11.299124002456665,9,2026-03-09T14:09:02.687660
1773044643.501429,12.112893104553223,9,2026-03-09T14:09:03.501429
1773044644.261891,12.8733549118042,9,2026-03-09T14:09:04.261891
1773044645.006737,13.61820101737976,9,2026-03-09T14:09:05.006737
1773044645.852918,14.46438193321228,9,2026-03-09T14:09:05.852918
1773044646.685938,15.297401905059814,9,2026-03-09T14:09:06.685938
1773044647.517962,16.12942600250244,9,2026-03-09T14:09:07.517962
1773044648.380625,16.99208903312683,9,2026-03-09T14:09:08.380625
1773044649.234587,17.84605097770691,9,2026-03-09T14:09:09.234587
1773044649.995816,18.607280015945435,9,2026-03-09T14:09:09.995816
1773044650.718758,19.330222129821777,9,2026-03-09T14:09:10.718758
1773044651.575648,20.1871120929718,9,2026-03-09T14:09:11.575648
1773044652.336855,20.94831895828247,9,2026-03-09T14:09:12.336855
1773044653.158604,21.770067930221558,9,2026-03-09T14:09:13.158604
1773044653.994182,22.60564613342285,9,2026-03-09T14:09:13.994182
1773044654.857417,23.468881130218506,9,2026-03-09T14:09:14.857417
1773044655.625586,24.23705005645752,9,2026-03-09T14:09:15.625586
