timestamp,relative_time,key,datetime
1773386306.905635,0.1656792163848877,4,2026-03-13T13:03:26.905635
1773386307.586666,0.846710205078125,4,2026-03-13T13:03:27.586666
1773386308.26536,1.5254042148590088,4,2026-03-13T13:03:28.265360
1773386308.957399,2.2174429893493652,4,2026-03-13T13:03:28.957399
1773386309.633832,2.893876075744629,4,2026-03-13T13:03:29.633832
1773386310.355033,3.615077018737793,4,2026-03-13T13:03:30.355033
1773386311.02454,4.284584045410156,4,2026-03-13T13:03:31.024540
1773386311.764272,5.024316072463989,4,2026-03-13T13:03:31.764272
1773386312.42906,5.689104080200195,4,2026-03-13T13:03:32.429060
1773386313.135804,6.395848035812378,4,2026-03-13T13:03:33.135804
1773386313.854163,7.114207029342651,4,2026-03-13T13:03:33.854163
1773386314.562242,7.822286128997803,4,2026-03-13T13:03:34.562242
1773386315.293128,8.55317211151123,4,2026-03-13T13:03:35.293128
1773386315.981355,9.241399049758911,4,2026-03-13T13:03:35.981355
1773386316.72275,9.982794046401978,4,2026-03-13T13:03:36.722750
1773386317.51495,10.774994134902954,4,2026-03-13T13:03:37.514950
1773386318.186358,11.446402072906494,4,2026-03-13T13:03:38.186358
1773386318.882644,12.142688035964966,4,2026-03-13T13:03:38.882644
1773386319.597975,12.85801911354065,4,2026-03-13T13:03:39.597975
1773386320.324381,13.584425210952759,4,2026-03-13T13:03:40.324381
1773386321.045478,14.305522203445435,4,2026-03-13T13:03:41.045478
1773386321.756316,15.01636004447937,4,2026-03-13T13:03:41.756316
1773386322.519348,15.779392004013062,4,2026-03-13T13:03:42.519348
1773386323.256629,16.51667308807373,4,2026-03-13T13:03:43.256629
1773386323.976655,17.236699104309082,4,2026-03-13T13:03:43.976655
1773386324.73574,17.995784044265747,4,2026-03-13T13:03:44.735740
1773386325.470487,18.730531215667725,4,2026-03-13T13:03:45.470487
1773386326.203959,19.464003086090088,4,2026-03-13T13:03:46.203959
1773386326.923822,20.183866024017334,4,2026-03-13T13:03:46.923822
1773386327.656476,20.91652011871338,4,2026-03-13T13:03:47.656476
1773386328.40563,21.665674209594727,4,2026-03-13T13:03:48.405630
1773386329.124529,22.384572982788086,4,2026-03-13T13:03:49.124529
1773386329.872031,23.13207507133484,4,2026-03-13T13:03:49.872031
1773386330.605604,23.86564803123474,4,2026-03-13T13:03:50.605604
1773386331.3221,24.582144021987915,4,2026-03-13T13:03:51.322100
1773386332.066935,25.326979160308838,4,2026-03-13T13:03:52.066935
1773386332.769327,26.0293710231781,4,2026-03-13T13:03:52.769327
1773386333.483638,26.743682146072388,4,2026-03-13T13:03:53.483638
1773386334.161083,27.42112708091736,4,2026-03-13T13:03:54.161083
1773386334.900407,28.16045117378235,4,2026-03-13T13:03:54.900407
1773386335.538509,28.798552989959717,4,2026-03-13T13:03:55.538509
1773386336.238416,29.498460054397583,4,2026-03-13T13:03:56.238416
1773386336.992783,30.252827167510986,4,2026-03-13T13:03:56.992783
1773386337.733494,30.99353814125061,4,2026-03-13T13:03:57.733494
1773386338.452376,31.712419986724854,4,2026-03-13T13:03:58.452376
1773386339.189209,32.44925308227539,4,2026-03-13T13:03:59.189209
1773386339.949752,33.20979619026184,4,2026-03-13T13:03:59.949752
1773386340.698133,33.95817708969116,4,2026-03-13T13:04:00.698133
1773386341.431026,34.69107007980347,4,2026-03-13T13:04:01.431026
1773386342.168277,35.42832112312317,4,2026-03-13T13:04:02.168277
1773386342.881776,36.141820192337036,4,2026-03-13T13:04:02.881776
1773386343.623947,36.8839910030365,4,2026-03-13T13:04:03.623947
1773386344.346683,37.6067271232605,4,2026-03-13T13:04:04.346683
1773386345.093398,38.35344219207764,4,2026-03-13T13:04:05.093398
1773386345.838085,39.09812903404236,4,2026-03-13T13:04:05.838085
1773386346.576811,39.83685517311096,4,2026-03-13T13:04:06.576811
1773386347.297053,40.55709719657898,4,2026-03-13T13:04:07.297053
1773386348.068862,41.32890605926514,4,2026-03-13T13:04:08.068862
1773386348.856093,42.11613702774048,4,2026-03-13T13:04:08.856093
1773386349.508052,42.76809620857239,4,2026-03-13T13:04:09.508052
