timestamp,key,wav_file
20251226_034706_258205,v,v_20251226_034706_258205.wav
20251226_034707_007585,g,g_20251226_034707_007585.wav
20251226_034707_536608,t,t_20251226_034707_536608.wav
20251226_034707_920077,r,r_20251226_034707_920077.wav
20251226_034708_218876,e,e_20251226_034708_218876.wav
20251226_034708_550795,e,e_20251226_034708_550795.wav
20251226_034708_897931,w,w_20251226_034708_897931.wav
20251226_034709_273894,e,e_20251226_034709_273894.wav
20251226_034709_706166,r,r_20251226_034709_706166.wav
20251226_034710_102926,t,t_20251226_034710_102926.wav
20251226_034710_489597,t,t_20251226_034710_489597.wav
20251226_034838_574924,g,g_20251226_034838_574924.wav
20251226_034838_845273,h,h_20251226_034838_845273.wav
20251226_034839_179334,y,y_20251226_034839_179334.wav
20251226_034839_529188,t,t_20251226_034839_529188.wav
20251226_034839_883513,d,d_20251226_034839_883513.wav
20251226_034840_212750,f,f_20251226_034840_212750.wav
20251226_125234_224674,b,b_20251226_125234_224674.wav
20251226_125235_521462,b,b_20251226_125235_521462.wav
20251226_125236_304978,m,m_20251226_125236_304978.wav
20251226_125236_606403,c,c_20251226_125236_606403.wav
20251226_125236_965799,d,d_20251226_125236_965799.wav
20251226_125237_217213,j,j_20251226_125237_217213.wav
20251226_125237_450572,s,s_20251226_125237_450572.wav
